{
    "model_path": "/Users/jacobbae/Documents/UU25/DeepLearning_project/best_optuna_recursive_200_forward_lateral_causal_cnn.pt",
    "train_file": "/Users/jacobbae/Documents/UU25/DeepLearning_project/Xtrain.mat",
    "test_file": "/Users/jacobbae/Documents/UU25/DeepLearning_project/Xtest.mat",
    "lookback": 150,
    "recursive_steps_requested": 200,
    "recursive_steps_evaluated": 200,
    "scaler_type": "standard",
    "framework": "keras",
    "device": "mps",
    "direct_recursive_metrics": {
        "mae": 39.042143071935186,
        "mse": 2992.401970223087,
        "rmse": 54.70285157304953,
        "r2": -0.7938560860498165
    },
    "report_metrics": {
        "n_samples": 200,
        "mae": 39.042143071935186,
        "mse": 2992.401970223087,
        "rmse": 54.70285157304953,
        "r2": -0.7938560860498165,
        "median_absolute_error": 31.907639530103875,
        "max_error": 193.73405694955653,
        "residual_mean": 0.6381635190573198,
        "residual_std": 54.83639181128198,
        "residual_min": -193.73405694955653,
        "residual_max": 129.8675427415341,
        "model_name": "Saved Model Recursive Forecast on Xtest"
    }
}