n_samples,mae,mse,rmse,r2,median_absolute_error,max_error,residual_mean,residual_std,residual_min,residual_max,model_name
200,39.042143071935186,2992.401970223087,54.70285157304953,-0.7938560860498165,31.907639530103875,193.73405694955653,0.6381635190573198,54.83639181128198,-193.73405694955653,129.8675427415341,Trial 15 Recursive Forecast on Xtest
