{
  "n_samples": 200,
  "mae": 4.864811435181903,
  "mse": 45.6666319169085,
  "rmse": 6.75770907311853,
  "r2": 0.9769990253370324,
  "median_absolute_error": 3.4365047771484143,
  "max_error": 31.471113975593198,
  "residual_mean": 1.3106903171110236,
  "residual_std": 6.64601915907968,
  "residual_min": -19.937299277001017,
  "residual_max": 31.471113975593198,
  "model_name": "Best Optuna Recursive 200 Forward Lateral Causal CNN"
}