{
  "n_samples": 200,
  "mae": 2.9836478401330417,
  "mse": 19.894199717769258,
  "rmse": 4.460291438658382,
  "r2": 0.9899798613464419,
  "median_absolute_error": 1.3680956396271835,
  "max_error": 15.426115476320916,
  "residual_mean": 1.1033225003294778,
  "residual_std": 4.332520379899811,
  "residual_min": -15.426115476320916,
  "residual_max": 13.569940821042394,
  "model_name": "Best Optuna Recursive 200 Forward Lateral Causal CNN"
}