n_samples,mae,mse,rmse,r2,median_absolute_error,max_error,residual_mean,residual_std,residual_min,residual_max,model_name
200,2.9836478401330417,19.894199717769258,4.460291438658382,0.9899798613464419,1.3680956396271835,15.426115476320916,1.1033225003294778,4.332520379899811,-15.426115476320916,13.569940821042394,Best Optuna Recursive 200 Forward Lateral Causal CNN
